{"cameraMode":{"drawMode":0,"name":"Shaded","section":"Shading Mode"},"sceneLighting":true,"audioPlay":false,"sceneViewState":{"m_AlwaysRefresh":false,"showFog":true,"showSkybox":true,"showFlares":true,"showImageEffects":true,"showParticleSystems":true,"showVisualEffectGraphs":true,"m_FxEnabled":true},"in2DMode":false,"pivot":{"x":587.7711181640625,"y":208.39012145996095,"z":4.549168586730957},"rotation":{"x":-0.06020698696374893,"y":0.046994924545288089,"z":-0.0028423508629202844,"w":-0.9970879554748535},"size":259.1524963378906,"orthographic":false}