{"cameraMode":{"drawMode":0,"name":"Shaded","section":"Shading Mode"},"sceneLighting":true,"audioPlay":false,"sceneViewState":{"m_AlwaysRefresh":false,"showFog":true,"showSkybox":true,"showFlares":true,"showImageEffects":true,"showParticleSystems":true,"showVisualEffectGraphs":true,"m_FxEnabled":true},"in2DMode":false,"pivot":{"x":92.69366455078125,"y":456.1232604980469,"z":-11.027360916137696},"rotation":{"x":-0.09458296000957489,"y":0.042393554002046588,"z":-0.0040360745042562489,"w":-0.9946184754371643},"size":146.8612518310547,"orthographic":false}